<application>
  <component name="AndroidLogcatFilterHistory">
    <option name="favorites">
      <list>
        <option value="package:mine level:verbose tag:AppLink" />
        <option value="tag:aws_push " />
        <option value="tag:appwidget tag:AppWidget" />
        <option value="package:mine level:verbose tag:AppLink.onelink.monitor tag:AppLink.deeplink.monitor " />
        <option value="package:mine level:debug tag:hacket" />
        <option value="tag:EngageSdkVerify tag:cubes tag:LaunchIntentHandler " />
        <option value="tag:EngageSdkVerify tag:cubes " />
        <option value="package:mine level:verbose tag=:UnpaidOrder" />
        <option value="package:mine level:debug tag:AppLink tag:biEvent " />
      </list>
    </option>
    <option name="mostRecentlyUsed" value=" tag:BaseCartDelegate tag:CartUiHandler tag:DebugAdapterDelegatesManager" />
    <option name="nonFavorites">
      <list>
        <option value="level:error" />
        <option value="level:erorr" />
        <option value=" tag:BaseCartDelegate tag:CartUiHandler tag:DebugAdapterDelegatesManager" />
        <option value=" tag:AppLink" />
        <option value=" tag:BaseCartDelegate tag:CartUiHandler" />
        <option value=" tag:BaseCartDelegate t tag:BaseCartDelegate tag:CartUiHandlerag:CartUiHandler" />
        <option value="level:warn" />
        <option value=" tag:BaseCartDelegate" />
        <option value="tag:BaseCartDelegate" />
        <option value="level:eror" />
        <option value="package:eror" />
        <option value="package:mine level:verbose tag:AppLink tag:BaseCartDelegate" />
        <option value="package:mine level:verbose tag:ARouter" />
        <option value="package:mine level:verbose tag:AppLink-deeplink" />
        <option value="package:mine level:verbose tag:AppLink-deeplink-monitor" />
        <option value="package:mine level:verbose tag:AppLink-deeplink-monitor log" />
        <option value="package:mine level:verbose tag:AppLink-deeplink-monitor " />
        <option value="package:mine level:verbose tag:AppLink-deeplink-monitor app_ad_log" />
        <option value="package:mine level:verbose tag:AppLink-deeplink onelink" />
        <option value="package:mine level:verbose tag:AppLink onelink" />
      </list>
    </option>
  </component>
</application>