<application>
  <component name="DebuggerSettings">
    <option name="SHOW_ALTERNATIVE_SOURCE" value="false" />
    <option name="ENABLE_MEMORY_AGENT" value="true" />
    <option name="AUTO_VARIABLES_MODE" value="true" />
    <option name="KILL_PROCESS_IMMEDIATELY" value="true" />
    <filter>
      <option name="PATTERN" value="com.sun.*" />
      <option name="ENABLED" value="true" />
      <option name="INCLUDE" value="true" />
    </filter>
    <filter>
      <option name="PATTERN" value="java.*" />
      <option name="ENABLED" value="true" />
      <option name="INCLUDE" value="true" />
    </filter>
    <filter>
      <option name="PATTERN" value="javax.*" />
      <option name="ENABLED" value="true" />
      <option name="INCLUDE" value="true" />
    </filter>
    <filter>
      <option name="PATTERN" value="org.omg.*" />
      <option name="ENABLED" value="true" />
      <option name="INCLUDE" value="true" />
    </filter>
    <filter>
      <option name="PATTERN" value="sun.*" />
      <option name="ENABLED" value="true" />
      <option name="INCLUDE" value="true" />
    </filter>
    <filter>
      <option name="PATTERN" value="jdk.internal.*" />
      <option name="ENABLED" value="true" />
      <option name="INCLUDE" value="true" />
    </filter>
    <filter>
      <option name="PATTERN" value="junit.*" />
      <option name="ENABLED" value="true" />
      <option name="INCLUDE" value="true" />
    </filter>
    <filter>
      <option name="PATTERN" value="com.intellij.rt.*" />
      <option name="ENABLED" value="true" />
      <option name="INCLUDE" value="true" />
    </filter>
    <filter>
      <option name="PATTERN" value="com.yourkit.runtime.*" />
      <option name="ENABLED" value="true" />
      <option name="INCLUDE" value="true" />
    </filter>
    <filter>
      <option name="PATTERN" value="com.springsource.loaded.*" />
      <option name="ENABLED" value="true" />
      <option name="INCLUDE" value="true" />
    </filter>
    <filter>
      <option name="PATTERN" value="org.springsource.loaded.*" />
      <option name="ENABLED" value="true" />
      <option name="INCLUDE" value="true" />
    </filter>
    <filter>
      <option name="PATTERN" value="javassist.*" />
      <option name="ENABLED" value="true" />
      <option name="INCLUDE" value="true" />
    </filter>
    <filter>
      <option name="PATTERN" value="org.apache.webbeans.*" />
      <option name="ENABLED" value="true" />
      <option name="INCLUDE" value="true" />
    </filter>
    <filter>
      <option name="PATTERN" value="com.ibm.ws.*" />
      <option name="ENABLED" value="true" />
      <option name="INCLUDE" value="true" />
    </filter>
    <filter>
      <option name="PATTERN" value="kotlin.*" />
      <option name="ENABLED" value="true" />
      <option name="INCLUDE" value="true" />
    </filter>
    <filter>
      <option name="PATTERN" value="androidx.compose.runtime.*" />
      <option name="ENABLED" value="true" />
      <option name="INCLUDE" value="true" />
    </filter>
  </component>
  <component name="NodeRendererSettings">
    <Renderer ID="ToStringRenderer">
      <option name="ON_DEMAND" value="true" />
    </Renderer>
    <Renderer ID="ClassRenderer">
      <option name="SHOW_STRINGS_TYPE" value="true" />
    </Renderer>
  </component>
  <component name="ThreadsViewSettings">
    <option name="SHOW_THREAD_GROUPS" value="true" />
    <option name="SHOW_SOURCE_NAME" value="true" />
    <option name="SHOW_ARGUMENTS_TYPES" value="true" />
  </component>
  <component name="XDebuggerSettings">
    <data-views />
    <general>
      <evaluation-dialog-mode>CODE_FRAGMENT</evaluation-dialog-mode>
    </general>
    <debuggers>
      <debugger id="ObjectiveC">
        <configuration>
          <nt-symbol-settings />
          <option name="VALUES_FILTER_ENABLED" value="false" />
        </configuration>
      </debugger>
    </debuggers>
  </component>
</application>