<application>
  <component name="DeveloperToolsPluginService" dialogIsModal="false" editorShowSpecialCharacters="false" editorShowWhitespaces="false" editorSoftWraps="true" lastSelectedContentNodeId="text-format-converter" loadExamples="true" saveInputs="true" saveSecrets="true">
    <developerToolsConfigurations />
    <expandedGroupNodeIds>
      <expandedGroupNodeId value="encoder-decoder" />
      <expandedGroupNodeId value="cryptography" />
      <expandedGroupNodeId value="formatting" />
    </expandedGroupNodeIds>
  </component>
</application>