<application>
  <component name="CodeFoldingSettings">
    <option name="COLLAPSE_METHODS" value="true" />
  </component>
  <component name="CodeInsightSettings">
    <option name="completionCaseSensitive" value="2" />
    <option name="PARAMETER_INFO_DELAY" value="800" />
    <option name="AUTO_POPUP_JAVADOC_INFO" value="true" />
    <option name="JAVADOC_INFO_DELAY" value="0" />
    <option name="COMPLETION_CASE_SENSITIVE" value="2" />
    <option name="HIGHLIGHT_SCOPE" value="true" />
    <option name="OPTIMIZE_IMPORTS_ON_THE_FLY" value="true" />
    <option name="ADD_UNAMBIGIOUS_IMPORTS_ON_THE_FLY" value="true" />
  </component>
  <component name="DefaultFont">
    <option name="FONT_FAMILY" value="Fira Code Retina" />
    <option name="USE_LIGATURES" value="true" />
    <option name="SECONDARY_FONT_FAMILY" value="Source Code Pro" />
  </component>
  <component name="EditorSettings">
    <option name="languageBreadcrumbsMap">
      <map>
        <entry key="JAVA" value="true" />
      </map>
    </option>
    <option name="USE_SOFT_WRAPS" value="MAIN_EDITOR:CONSOLE" />
    <option name="SHOW_BREADCRUMBS_ABOVE" value="true" />
    <option name="BIDI_TEXT_DIRECTION" value="LTR" />
  </component>
  <component name="TodoConfiguration">
    <pattern useCustomColors="true" pattern="\btodo\b.*">
      <option name="FOREGROUND" value="a8c023" />
      <option name="FONT_TYPE" value="2" />
      <option name="ERROR_STRIPE_COLOR" value="977ab" />
    </pattern>
    <pattern icon="important" useCustomColors="true" pattern="\bfixme\b.*">
      <option name="FOREGROUND" value="c00b10" />
      <option name="FONT_TYPE" value="1" />
      <option name="ERROR_STRIPE_COLOR" value="977ab" />
    </pattern>
  </component>
</application>