<application>
  <component name="FileTypeManager" version="18">
    <extensionMap>
      <mapping pattern="flutterw" type="AUTO_DETECTED" />
      <mapping pattern="output-release" type="AUTO_DETECTED" />
      <mapping pattern="store_item_goods_list_beauty_id_titlexml" type="PLAIN_TEXT" />
      <mapping pattern=".gitattributes" type="PLAIN_TEXT" />
      <mapping pattern="common_weex_pagexml" type="PLAIN_TEXT" />
      <mapping ext="processors" type="PLAIN_TEXT" />
      <mapping ext="xlog" type="PLAIN_TEXT" />
      <removed_mapping ext="apk" approved="true" type="ARCHIVE" />
      <removed_mapping ext="ignore" approved="true" type="IgnoreLang file" />
      <removed_mapping ext="pro" approved="true" type="DeviceSpecFile" />
      <removed_mapping ext="psd" approved="true" type="Image" />
      <mapping pattern=".gitignore_global" type="Git file" />
    </extensionMap>
  </component>
</application>