<application>
  <component name="NetworkInspectorViewState">
    <columns>
      <column-info name="URL" width-ratio="0.25" visible="false" />
      <column-info name="Name" width-ratio="0.18849658314350798" />
      <column-info name="Path" width-ratio="0.1" visible="false" />
      <column-info name="Host" width-ratio="0.1" visible="false" />
      <column-info name="Method" width-ratio="0.05" visible="false" />
      <column-info name="Scheme" width-ratio="0.05" visible="false" />
      <column-info name="Transport" width-ratio="0.05" visible="false" />
      <column-info name="Request Size" width-ratio="0.05" visible="false" />
      <column-info name="Size" width-ratio="0.1378132118451025" />
      <column-info name="Request Headers" width-ratio="0.05" visible="false" />
      <column-info name="Response Headers" width-ratio="0.05" visible="false" />
      <column-info name="Type" width-ratio="0.14464692482915717" />
      <column-info name="Status" width-ratio="0.13325740318906606" />
      <column-info name="Time" width-ratio="0.14521640091116172" />
      <column-info name="Request Time" width-ratio="0.05" visible="false" />
      <column-info name="Response Time" width-ratio="0.05" visible="false" />
      <column-info name="Timeline" width-ratio="0.2505694760820046" />
    </columns>
  </component>
</application>