<application>
  <component name="UpdatesConfigurable">
    <ignoredBuildNumbers>
      <item value="emulator#27.2.9" />
      <item value="extras;google;google_play_services#49" />
      <item value="extras;google;instantapps#1.3.0" />
      <item value="ndk-bundle#17.1.4828580" />
      <item value="platforms;android-27#3" />
      <item value="system-images;android-27;android-tv;x86#4" />
      <item value="emulator#28.0.20" />
      <item value="extras;google;instantapps#1.6.0" />
      <item value="extras;intel;Hardware_Accelerated_Execution_Manager#7.3.2" />
      <item value="ndk-bundle#18.1.5063045" />
      <item value="system-images;android-27;android-tv;x86#6" />
      <item value="231.9392.1.2311.10680768" />
      <item value="231.9392.1.2311.11076708" />
      <item value="232.10300.40.2321.11668458" />
      <item value="241.15989.150.2411.11948838" />
      <item value="cmdline-tools;latest#13.0" />
      <item value="emulator#34.2.15" />
      <item value="platform-tools#35.0.1" />
      <item value="platforms;android-UpsideDownCakePrivacySandbox#3" />
      <item value="skiaparser;3#4" />
      <item value="system-images;android-27;google_apis;arm64-v8a#3" />
      <item value="system-images;android-33;google_apis;arm64-v8a#15" />
      <item value="system-images;android-33;google_atd;arm64-v8a#2" />
      <item value="system-images;android-34;google_apis_playstore;arm64-v8a#13" />
      <item value="242.23339.11.2421.12550806" />
      <item value="242.23339.11.2421.12550806" />
      <item value="242.23339.11.2421.12550806" />
      <item value="242.23339.11.2421.12483815" />
    </ignoredBuildNumbers>
    <option name="LAST_BUILD_CHECKED" value="AI-232.10300.40.2321.11567975" />
    <option name="LAST_TIME_CHECKED" value="1738842265558" />
    <option name="OBSOLETE_CUSTOM_REPOSITORIES_CLEAN_NEEDED" value="false" />
    <pluginHosts>
      <item value="https://download.sheincorp.cn/public/download/SHEINerAssistant/updatePlugins.xml" />
    </pluginHosts>
    <option name="THIRD_PARTY_PLUGINS_ALLOWED" value="true" />
  </component>
</application>