<application>
  <component name="Translation.Cache">
    <option name="lastTrimTime" value="1738807661841" />
  </component>
  <component name="Translation.Settings">
    <option name="foldOriginal" value="true" />
    <option name="primaryLanguage" value="ENGLISH" />
    <option name="translateDocumentation" value="true" />
  </component>
  <component name="Translation.States">
    <option name="translationDialogHeight" value="423" />
    <option name="translationDialogLocationX" value="956" />
    <option name="translationDialogLocationY" value="296" />
    <option name="translationDialogWidth" value="644" />
    <histories>
      <item value="Adds an action to call immediately after this project is evaluated. Passes the project to the action as a parameter. Actions passed to this method execute in the same order they were passed. A parent project may add an action to its child projects to further configure those projects based on their state after their build files run. If the project has already been evaluated, this method fails. If you call this method within an afterEvaluate action, the passed action executes after all previously added afterEvaluate actions finish executing. Params: action – the action to execute." />
      <item value="after Evaluate" />
      <item value="카카오 로그인을 통해 발급 받은 토큰. Kakao SDK는 [TokenManageable] 인터페이스를 통해 토큰을 자동으로 관리함." />
    </histories>
    <option name="languageScores">
      <map>
        <entry key="CHINESE" value="4" />
        <entry key="ENGLISH" value="5" />
        <entry key="KOREAN" value="1" />
      </map>
    </option>
  </component>
</application>